ethical,N
nephropathy,Y
chemotherapy,Y
fits,N
amounts,N
peppermint,N
ross,N
nonfood,N
borderline,N
counterclockwise,N
fighting,N
and,N
movements,N
fights,N
stool,N
snack,N
flatus,Y
recollection,N
competition,N
humiliated,N
raised,N
admiration,N
moccasin,N
toys,N
rested,N
changes,N
temperature,Y
cavity,Y
thumb,Y
nursing,Y
ejaculate,Y
déjà,N
salivary,Y
inhaler,Y
snakes,N
deployed,N
lung,Y
look,N
expectorate,Y
clothing,N
anxiety,Y
autism,Y
plugs,N
motivation,Y
pass,N
about,N
viability,N
foggy,N
siedel,N
reckless,Y
mornings,N
prosecution,N
eyelids,Y
loneliness,Y
reddish,Y
redness,Y
inability,N
locking,N
premenopausal,Y
steps,N
overhead,Y
raw,N
dime,N
free,N
stomachaches,Y
along,N
parasitic,Y
perform,N
outline,N
fruit,N
infectious,Y
transitional,N
pruritus,Y
acting,N
dramatic,N
buckled,N
angry,N
unwanted,N
infection,Y
blaming,N
yaws,N
sticks,N
syndrome,Y
needle,N
habit,N
blanching,Y
towards,N
inpatient,Y
demobilization,Y
sensitive,Y
radiating,Y
throat,Y
parasites,Y
meals,N
hazmat,N
seeing,N
afterwards,N
secretions,Y
upon,N
liquids,Y
count,N
unusually,N
separation,N
unusual,N
olecranon,Y
anorexia,Y
rc,N
unspecified,N
poorly,N
emitting,N
out,N
hiccups,Y
glands,Y
quickly,N
tiring,Y
cramps,Y
gradually,N
therapeutic,Y
sagging,N
with,N
negatively,N
usual,N
person,N
sleepiness,Y
mcp,N
prior,N
father,N
can,N
pitched,N
nipples,Y
defaulted,N
subscapular,Y
observation,N
cancer,Y
local,N
planned,N
seeking,N
cramping,Y
dogs,N
nipple,Y
hpi,N
unable,N
express,N
scapulalgia,Y
adjacent,N
satisfy,N
poliomyelitis,Y
adherence,N
tiptoes,Y
drinking,N
height,Y
dying,Y
beige,N
large,N
infrequently,N
neurologic,Y
or,N
animals,N
thoracic,Y
profuse,N
brace,Y
ears,Y
wobbly,N
tomato,N
code,N
then,N
prognosis,Y
trying,N
stuttering,N
spread,N
intensity,N
inactively,N
once,N
sleeps,Y
sympathomimetics,Y
missed,N
infested,N
temporal,Y
consumption,N
burned,N
toddler,Y
attempted,N
dropped,N
tender,N
snake,N
knock,N
amniocentesis,Y
examination,Y
alae,N
arising,N
learning,N
inward,N
dorsal,Y
worsened,N
creative,N
nonmoving,N
slower,N
stabbing,N
croupy,N
knees,Y
stimulus,N
vehicle,N
third,N
smoky,N
straighten,N
aimlessly,N
soft,N
sobbing,N
lactation,Y
syrup,Y
boo,N
consumed,N
authorized,N
natural,N
ip,N
damaging,N
chapped,N
gum,N
tetanus,Y
prolonged,N
intercostal,Y
latch,N
navel,Y
infraclavicular,Y
army,N
endocrine,Y
nsaids,N
beaten,N
discoloration,N
symmetrically,N
staggering,N
refugee,N
exacerbated,N
lengthening,N
vault,N
vu,N
attend,N
ulnar,Y
urgent,N
require,N
refuses,N
regions,N
trochanter,Y
urinate,Y
trigger,N
brittle,N
convulsion,Y
fetal,Y
impulsive,N
forefoot,Y
isoimmunization,N
she,N
stooped,N
affects,N
uses,N
recur,N
eye,Y
general,N
mucoid,Y
fecal,Y
upright,N
performance,N
impregnate,N
metabolic,Y
extension,N
currant,N
ability,N
analogue,N
authority,N
beating,N
examinations,Y
over,N
plantar,Y
duty,N
enlargement,Y
began,N
comprehend,N
supraorbital,Y
prescription,Y
certification,N
experiences,N
thimblefuls,N
regurgitation,Y
periumbilical,Y
lubrication,N
feared,N
growing,N
goal,N
menarche,N
aura,N
guilty,N
exhaustion,N
keeping,N
laughter,N
surface,N
tosses,N
cold,N
procreation,Y
vitamins,Y
unclear,N
grown,N
arthropod,N
mid,N
onset,N
female,Y
great,N
hemodialysis,Y
peel,N
ground,N
fainting,Y
questioning,N
vanity,N
totally,N
react,N
breath,Y
joints,Y
insects,N
pap,Y
passes,N
catch,N
inhalation,Y
streaks,N
expresses,N
procrastination,N
insertion,N
mouth,Y
elevation,N
people,N
socially,N
caffeine,N
neurological,Y
leaking,N
be,N
extracorporeal,Y
fair,N
support,N
detail,N
unique,N
shape,N
the,N
cardiac,Y
routine,N
human,N
sleep,Y
gait,N
user,N
names,N
known,N
wanting,N
gums,N
descended,N
scabs,Y
length,N
marrow,Y
slow,N
going,N
kneecaps,Y
drip,Y
lasts,N
lover,N
media,N
worsens,N
groups,N
character,N
things,N
usually,N
frequency,N
hypertension,Y
scrotal,Y
mellitus,Y
occurs,N
proximal,N
vertex,Y
designator,N
heaves,N
grayish,N
limb,Y
leakage,N
yet,N
consistently,N
orthopnea,Y
affected,N
bored,N
pinching,N
directed,N
degrees,N
mostly,N
penile,Y
toxic,Y
diffusely,N
entitlement,N
pitted,N
concealing,N
adhd,N
difficulties,N
diabetic,Y
comprehension,N
repeated,N
term,N
greedy,N
sides,N
verbosity,N
excessive,N
care,Y
check,N
does,N
tightness,N
urination,Y
effects,N
macrosomia,Y
navy,N
attract,N
slips,N
previously,N
follow,N
fullness,N
avoid,N
undulating,N
steroidal,Y
preference,N
thirst,Y
reduced,N
picking,N
rainy,N
passenger,N
adopted,N
uncontrollable,N
deepening,N
bizarre,N
kneed,N
agitation,Y
gender,Y
crib,N
history,N
worn,N
crack,N
crusts,Y
risks,N
unreality,N
leaning,N
ineffective,N
stuck,N
purulent,Y
serous,Y
thinking,N
misplacing,N
smallpox,Y
paternity,N
positional,N
pill,Y
luq,N
nine,N
mole,N
center,N
insufficient,N
eyes,Y
chocolate,N
id,N
downward,N
bent,N
gets,N
harder,N
sister,N
epistaxis,Y
preservation,N
leg,Y
chewing,N
touched,N
swishes,N
everted,N
nurse,Y
lemon,N
longer,N
tom,N
transport,N
syllables,N
habitual,N
handicaps,Y
preoccupation,N
infantile,N
recurrent,N
stopping,N
orchiectomy,Y
afternoon,N
diarrhea,Y
past,N
concerns,N
patterns,N
clinging,N
source,N
until,N
senseless,N
cholera,Y
program,N
preoperative,N
bridge,N
ovary,Y
cessation,N
foreign,N
images,N
impotent,Y
hematological,Y
privacy,N
oral,Y
heights,N
calcium,Y
writing,N
fingers,N
congested,Y
gravel,N
decrease,N
recall,N
spinning,N
death,Y
leptospirosis,Y
similar,N
crisis,N
medium,N
radiotherapy,Y
intimidation,N
results,N
brother,N
party,N
opposite,N
leishmaniasis,Y
galactosemia,Y
injury,Y
aspect,N
creases,N
demanding,N
seed,N
peripherally,N
changing,N
hanging,N
styloid,N
checklist,N
as,N
observations,N
hot,N
defect,N
adam,N
high,N
factors,N
void,N
face,Y
bigger,N
insomnia,Y
marine,N
sensation,Y
foamy,Y
anger,Y
tract,N
fondness,N
conservation,N
superstitiousness,N
inhibited,Y
belly,Y
increase,N
earth,N
of,N
diagnosis,Y
lewdness,N
reversed,N
seasonal,N
three,N
feet,Y
hysterectomy,Y
rite,N
infertility,Y
exacerbating,N
genitalia,Y
determine,N
embarrassed,N
crossing,N
dependent,N
faster,N
post,N
glenohumeral,Y
roof,N
loss,Y
tubal,Y
tests,N
torturing,N
ipsilateral,Y
concepts,N
distorted,N
parts,N
joint,Y
childhood,N
vulvar,Y
underlying,N
consultant,N
brownish,N
tendon,Y
rhinorrhea,Y
references,N
value,N
wasting,N
abates,N
pelvis,Y
setting,N
distribution,N
resolves,N
tearing,Y
shocklike,N
uncooperative,N
balls,N
certain,N
urgency,Y
global,N
limbs,Y
receiving,N
altitudinal,N
ridges,N
orgasm,Y
th,N
pregnancy,Y
subareolar,Y
clairvoyance,N
kill,N
away,N
work,N
nodule,Y
progresses,N
rich,N
softer,N
underside,N
depressed,N
ceased,N
horizontal,N
muscles,Y
loud,N
month,N
not,N
hydralazine,Y
smothering,N
overprojection,N
filariasis,Y
toenails,Y
closure,N
growths,N
ent,N
knifelike,N
symmetry,N
knee,Y
mouse,N
hills,N
nuchal,N
disappear,N
breathing,Y
hemorrhagic,Y
easily,N
puffy,Y
bluish,N
ordinary,N
concerned,N
involuntary,N
medicated,Y
gray,N
diet,Y
excitable,N
force,N
have,N
alcohol,N
communicate,N
matters,N
perineal,Y
screening,N
dull,Y
fetalis,Y
in,N
drugs,N
clearing,N
quick,N
prescribed,N
semen,Y
surreptitious,N
intolerant,N
unkind,N
prominent,N
spot,Y
products,N
waxes,N
me,N
asthma,Y
back,Y
midfoot,Y
hematuria,Y
business,N
umbilical,Y
exercising,N
acquired,N
gambling,N
stuffiness,Y
consecutive,N
breasts,Y
certificate,N
compensated,N
long,N
paygrade,N
blue,N
banging,N
erratic,N
voluntarily,N
firefighter,N
estrogen,Y
flashing,N
initially,N
unnecessarily,N
reporting,N
toed,N
crying,Y
severity,Y
seeming,N
boxy,N
jumping,N
worst,N
container,N
blister,Y
hide,N
guard,N
putting,N
anteromedial,Y
peripheral,Y
waterbed,N
testis,Y
convulsions,Y
tip,N
musculoskeletal,Y
glare,N
thumbnail,Y
transdermal,Y
problems,N
hunger,Y
bathroom,N
car,N
hairline,N
grandfather,N
expert,N
shallow,Y
stationary,N
localizing,N
sclerae,Y
intercourse,N
changed,N
absolute,N
prison,N
eyebrow,Y
suprapubic,Y
painful,Y
lifestyle,N
interest,N
hours,N
maintain,N
dribbling,N
thought,N
diabetes,Y
liposuction,Y
spiders,N
hoarding,N
hypoesthesia,Y
hopeless,N
cystic,Y
shoots,N
continued,N
phone,N
animal,N
groggy,N
crazy,N
outside,N
immobility,N
location,N
cradle,N
psc,N
wonderful,N
initiating,N
protruding,N
medially,N
wrist,Y
dysesthesia,Y
blisters,Y
postoperative,Y
perianal,Y
snores,Y
attempts,N
buzzing,N
vascular,Y
short,N
brown,N
limping,Y
sucking,N
nostril,Y
nostrils,Y
noted,N
intent,N
cheese,N
passive,N
working,N
supervision,N
clusters,N
audible,N
interested,N
hacking,N
itchy,Y
exposure,N
strenuous,N
connective,Y
questions,N
activity,N
evening,N
polycyclic,N
swelling,Y
fertility,Y
proxy,N
eating,N
may,N
elevated,N
beer,N
nonverba,N
episodic,N
buttocks,Y
getting,N
sinus,Y
node,Y
ischemic,Y
worrying,N
pain,Y
development,N
finger,Y
stretching,N
potential,N
was,N
fall,N
arm,Y
diseases,Y
responsivness,Y
debts,N
portion,N
sense,N
doom,N
rising,N
criminal,N
speak,N
personality,N
sensory,N
stepfather,N
narcotics,N
lacking,N
ashen,N
talkative,N
anticipation,N
twitching,Y
regimen,N
licking,N
someone,N
situation,N
hoarseness,Y
acid,N
direction,N
overactivity,N
front,N
chin,Y
palms,Y
progressing,N
lips,Y
unobtainable,N
fears,N
prisoner,N
quadrantic,N
anomaly,N
metatarsophalangeal,Y
heels,Y
seated,N
oneself,N
retention,N
secondary,N
utero,Y
mass,Y
light,N
pica,N
subjective,N
viral,Y
scab,Y
positions,N
inguinal,Y
foods,N
skull,Y
wearing,N
curling,N
laboratory,N
stops,N
chips,N
rectal,Y
dual,N
mushy,N
sideways,N
move,N
heavy,N
flakes,N
adoptive,N
papilloma,Y
splitting,N
urine,Y
influencing,N
learn,N
deformity,N
organized,N
abnormality,N
inconsiderate,N
incorrect,N
sternoclavicular,Y
cross,N
came,N
systemic,N
dryness,Y
sickly,Y
dependence,N
pale,Y
resulting,N
misjudging,N
amount,N
trauma,Y
emptying,N
feels,N
intractable,N
pleural,N
tendency,N
sparse,N
chorionic,Y
maternal,N
functioning,N
concentrating,N
clenching,N
mattress,N
weapon,N
hematemesis,Y
cries,N
rapidly,N
lasting,N
milky,N
team,N
firm,N
alone,N
wo,N
compensation,N
clicking,N
postnatal,Y
tampons,Y
testicle,Y
threatening,N
items,N
grandson,N
siblings,N
clay,N
devices,N
dates,N
compartmented,N
shock,N
waiting,N
throughout,N
nodules,Y
distressing,Y
correctly,N
bloodshot,Y
administrative,N
abuse,N
e,N
are,N
precipitates,N
unneeded,N
to,N
discharge,N
papule,Y
periorbital,Y
reluctance,N
incontinence,Y
seizures,Y
collapse,Y
straightening,N
underprojection,N
nosepicking,Y
urethral,Y
allergy,Y
dry,Y
foolish,N
resumed,N
reserves,N
take,N
w,N
reassurance,N
incomplete,N
training,N
steady,N
obstructing,N
pleasurable,N
concentrate,N
tantrums,N
pulling,N
extremely,N
inverted,N
calls,N
military,N
posterior,N
arousal,N
improved,N
days,N
nausea,Y
nurses,Y
neuromuscular,Y
nudity,N
chipped,N
reducing,N
stepmother,N
antineoplastic,Y
scheming,N
greatly,N
bacterial,Y
says,N
tongue,Y
flexor,N
driver,N
nec,N
web,N
subcutaneous,Y
tomatoes,N
interpersonal,N
grip,N
spasms,Y
bath,N
seat,N
buckling,N
chronic,Y
misfortune,N
clots,Y
restrain,N
other,N
skins,Y
skill,N
remembered,N
awake,N
streaked,N
familiar,N
mismatch,N
spraying,N
started,N
upset,N
temporomandibular,Y
shoulders,Y
theater,N
bleeding,Y
intermittent,N
tilted,N
heard,N
develop,N
go,N
indoctrination,N
sweat,N
circumstantial,N
alert,N
lost,N
radio,N
on,N
downstairs,N
reversal,N
discomfort,N
uncomfortable,N
breaking,N
public,N
system,N
dieting,Y
precipitated,N
mainly,N
concern,N
curtain,N
frequently,N
text,N
pulmonary,Y
developed,N
antipsychotic,Y
mottled,Y
issues,N
dream,N
down,N
orgasmic,Y
nonvascular,Y
unilateral,N
grades,N
lock,N
blanches,Y
preliminary,N
opinion,N
urinating,Y
foot,Y
drooping,N
mannerisms,N
scaling,N
come,N
peer,N
bumps,Y
s,N
returns,N
bracing,N
caused,N
significantly,N
family,N
clavicles,Y
last,N
reproductive,N
paste,N
heaviness,N
fourth,N
increasingly,N
grieving,N
financial,N
scales,N
antidepressant,Y
diphtheria,Y
ectopic,Y
immunization,Y
itching,Y
turned,N
unpleasantly,N
thunder,N
diaper,Y
tension,N
without,N
single,N
exploitative,N
wound,Y
unreasonable,N
older,N
success,N
cardiovascular,Y
teasing,N
duties,N
hematologic,Y
allergies,Y
give,N
loose,N
less,N
finish,N
breast,Y
floaters,N
temple,Y
probl,N
deficiency,Y
decrescendo,N
trait,N
facility,N
sweet,N
regularly,N
serious,N
boredom,N
string,N
insufflation,N
colors,N
aggressive,N
employment,N
inadequate,N
smooth,N
status,N
relationships,N
television,N
dental,Y
doctor,Y
lack,N
gagging,Y
reflux,Y
year,N
noise,N
curb,N
home,N
jellinek,N
using,N
cognition,Y
distraction,N
decreasing,N
provider,N
undigested,N
windows,N
wavy,N
covered,N
prostate,N
multiphasic,N
located,N
incapacity,N
spouse,N
daytime,N
rickettsial,N
adjustment,N
husband,N
thighs,Y
object,N
attitude,N
hyperactive,N
helminthiasis,Y
crusting,Y
weather,N
axillary,N
hip,Y
flu,Y
hurt,Y
techniques,N
precocious,N
shocked,N
flank,Y
jowls,Y
initiated,N
peritoneal,Y
malnutrition,Y
real,N
fluctuating,N
smacking,N
deep,N
cosmetic,N
groins,Y
lights,N
kg,N
arithmetic,N
gout,Y
inheritable,N
deviated,N
reswallowing,Y
psychiatric,Y
seasons,N
help,N
transverse,N
postmenopausal,Y
nighttime,N
son,N
characteristics,N
listless,N
dysuria,Y
hopelessness,N
radiation,N
flaccid,N
smoker,N
jagged,N
exacerbation,N
something,N
camp,N
reported,N
naps,Y
absorbed,N
resembling,N
horses,N
draining,N
experience,N
irrational,N
h,N
illusions,N
drags,N
play,N
rice,N
salt,N
immunodeficiency,Y
swallowing,Y
become,N
radial,N
po,N
mini,N
every,N
awakening,N
frequent,N
masochistic,N
discipline,N
clavicle,Y
wounds,Y
delays,N
wife,N
depth,N
cannot,N
level,N
punches,N
gotten,N
hamstring,Y
appointment,N
used,N
law,N
epigastric,Y
circumcision,Y
property,N
voluntary,N
spits,N
thwarted,N
spirochetal,Y
interferes,N
delirium,Y
cysts,Y
corner,N
drooling,Y
salmon,N
looks,N
present,N
completed,N
difficulty,N
resident,N
pillow,N
behavioral,N
artificial,N
adequacy,N
pericentral,N
sexual,Y
miserly,N
bulky,N
contraceptive,Y
dehydrated,Y
trachoma,Y
acetaminophen,Y
bending,N
raising,N
effect,N
nutritional,Y
leaving,N
neonatal,Y
danger,N
hitting,N
fugue,N
middle,N
swallow,Y
seek,N
parietal,Y
coordination,Y
wart,Y
meditation,N
thin,N
weakness,N
herpes,Y
finishing,N
layer,N
multiple,N
nervous,Y
fossa,N
police,N
erection,Y
ligation,N
religious,N
evaluation,N
malaria,Y
current,N
shower,N
research,N
augmentation,N
retinal,Y
get,N
curved,N
broke,N
uterus,Y
friends,N
toward,N
against,N
rejection,N
climbing,N
lessened,N
different,N
erythema,Y
focal,N
duration,N
making,N
preoccupied,N
attachment,N
errors,N
grounds,N
one,N
seedy,N
food,N
four,N
start,N
dorsum,Y
falling,N
purple,N
fleshy,N
innocuous,N
records,N
commitments,N
good,N
preschool,N
congenital,Y
chromosomal,Y
shaped,N
blockers,N
bedwetting,N
oozes,N
delivery,N
border,N
circumstances,N
worsening,N
fast,N
quiet,N
solids,N
vandalism,N
date,N
seriousness,N
pointy,N
fading,N
menses,Y
few,N
repeatedly,N
linear,N
own,N
emotionally,N
sites,N
opioids,N
make,N
seem,N
induced,N
initiation,N
shaft,N
typing,N
knuckles,Y
greater,N
volume,N
often,N
resolved,N
senile,Y
nails,Y
piercing,N
walking,N
developmental,N
productivity,N
per,N
strength,N
ocurring,N
currently,N
arcuate,N
abundant,N
reduction,N
primigravida,Y
ventilated,N
loosens,N
pigeon,N
vertical,N
clicks,N
personnel,N
impending,N
weak,N
lightning,N
print,N
body,Y
open,N
transplant,Y
cope,N
immunotherapy,Y
clumps,Y
too,N
button,N
aborter,Y
phenylketonuria,Y
voices,N
exam,N
dislocated,N
flying,N
stiffness,Y
rechewing,N
bruise,Y
comfortable,N
break,N
occupational,N
license,N
issuing,N
evasiveness,N
tuberculosis,Y
exaggeration,N
respond,N
tired,N
scapula,Y
biting,N
bulging,N
particular,N
curdled,N
pip,N
tastes,N
torture,N
dangling,N
visions,N
into,N
needs,N
above,N
nitrite,N
ng,N
downwards,N
steadily,N
cm,N
measles,Y
spite,N
scene,N
asleep,Y
alleged,N
movement,N
emergency,N
fda,N
screams,N
sticking,N
normal,N
several,N
states,N
catching,N
device,N
diameter,N
suffocation,Y
defects,N
fussy,N
tense,N
memory,N
std,N
weekly,N
academic,N
phlegm,Y
occurrence,N
granddaughter,N
advance,N
environment,N
leading,N
years,N
humerus,Y
underweight,Y
notice,N
tenderness,N
texture,N
maroon,N
softly,N
better,N
reading,N
halos,N
fractures,Y
penetrating,N
mouthing,N
damage,N
subsides,N
indicate,N
chip,N
straining,N
limits,N
ribs,Y
conditions,N
senses,Y
here,N
primarily,N
undesired,N
fishy,N
corners,N
tight,N
donor,N
office,N
unstable,N
step,N
screaming,N
explanation,N
blood,Y
drug,Y
reactions,N
continent,N
malformations,Y
between,N
metacarpophalangeal,Y
caliber,N
masculine,N
distrust,N
exertion,N
dysfunction,Y
causes,N
stretch,N
refused,N
stop,N
disordered,N
chair,N
borne,N
bad,N
erect,N
assaults,N
curvature,N
colored,N
quietly,N
persists,N
consciousness,N
cesarean,N
fires,N
envious,N
attacks,N
imagined,N
magical,N
worry,N
temporary,N
drawn,N
wine,N
continuously,N
toilet,N
completely,N
encounter,N
anticipated,N
eyelid,Y
noises,Y
response,N
waking,N
frothy,N
biphosphonates,Y
hold,N
absent,N
bystander,N
extending,N
hand,N
alloted,N
radiocarpal,Y
much,N
progressive,N
antecubital,Y
persist,N
socks,N
such,N
unrealistic,N
defecating,Y
hydrocarbons,N
meeting,N
expectant,N
dyspnea,Y
tinged,N
nonspecific,N
genocidal,N
eighth,N
nobc,N
clamp,N
technique,N
relative,N
donation,N
identity,N
slowly,N
talking,N
epworth,N
hypersensitivity,Y
g,N
room,N
cracking,N
virus,Y
nonseasonal,N
social,N
photopsia,Y
lines,N
complaints,N
focused,N
euphoria,N
elderly,N
speaking,N
heartburn,Y
selective,N
pregnant,Y
sit,N
blades,N
appear,N
irritable,N
preceded,N
gregariousness,N
stress,Y
related,N
focus,N
distortion,N
first,N
space,N
reddening,N
enclosed,N
disabilities,N
through,N
dip,N
deeply,N
passively,N
activities,N
adoration,N
suck,N
after,N
religion,N
barking,N
infections,Y
somatic,Y
disturb,N
increased,N
slowed,N
frightened,N
elevators,N
bubbles,N
dislike,N
mechanical,N
testicles,Y
big,N
need,N
hypersexuality,Y
radius,Y
shoes,N
nosebleeds,Y
mice,N
arms,N
penis,Y
falls,N
grandparent,N
chief,N
calorie,N
aches,Y
breastfeeding,Y
travel,N
bruising,Y
stopped,N
bladder,Y
including,N
refill,N
quality,N
purge,N
glass,N
obstipation,N
extreme,N
lumps,Y
completing,N
green,N
no,N
circumoral,N
evidence,N
blocks,N
recurring,N
surfaced,N
slurred,N
rough,N
unpleasant,N
winter,N
white,N
papules,Y
metacarpal,Y
snacking,N
smear,N
eat,N
lipoid,N
second,N
addiction,N
disability,N
anterior,N
unpleasurable,N
bashful,N
hospital,Y
responsive,N
poisoning,Y
associated,N
disruptive,N
cycle,N
jogging,N
increases,N
immunological,Y
gastrointestinal,Y
centrally,N
anemia,Y
ice,N
radiates,N
kneeling,N
surroundings,N
change,N
allergic,Y
pulls,N
review,N
pleasure,N
sputum,Y
limit,N
feeding,N
living,N
half,N
nearby,N
copper,N
many,N
reluctant,N
ill,Y
pains,Y
sized,N
scaly,N
blindness,Y
billing,N
spending,N
complaining,N
calves,Y
spontaneous,N
defibrillator,Y
holding,N
find,N
palpitations,Y
role,N
i,N
bags,N
cataplexy,Y
bouncing,N
peeling,N
rheumatic,Y
encephalitis,Y
curls,N
consistency,N
awakened,N
younger,N
nonmalignant,Y
catheter,Y
factitious,N
furrows,N
bottle,N
profile,N
weaning,Y
overreaction,N
afsc,N
within,N
parenting,N
opening,N
circular,N
specialty,N
sci,N
concentric,N
pressured,N
failed,N
vegetables,N
nonmenstrual,Y
constant,N
watch,N
panic,N
cat,N
shoulder,N
callus,Y
lumpy,Y
washing,N
deafness,Y
o,N
girdle,Y
laws,N
words,N
urinations,Y
dermatological,Y
turkey,N
size,N
containing,N
across,N
qualities,N
condition,N
lingual,Y
rh,N
preterm,N
malaise,Y
insert,N
applying,N
threading,N
branch,N
intentional,N
dislocation,N
cyst,Y
lump,Y
investments,N
heal,Y
spine,Y
bitten,N
sternum,Y
symptom,Y
pores,Y
officer,N
overflow,N
new,N
sounds,N
carrier,N
medicolegal,Y
intrauterine,Y
posterolateral,N
locks,N
coffee,N
stimuli,N
staring,N
seconds,N
board,N
description,N
partial,N
abnormalities,N
parental,N
straight,N
conceive,N
pimples,Y
spearmint,N
sneezes,Y
stand,N
possible,N
renal,Y
obesity,Y
elaborate,N
scattered,N
eight,N
disturbing,N
volar,N
nonvaginal,Y
infrequent,N
nonconsenting,N
looseness,N
trached,N
future,N
pessimistic,N
splotchy,N
akathisia,Y
late,N
neoplasm,Y
if,N
shared,N
elation,N
juices,N
metal,N
shield,N
base,N
thyroid,Y
brassy,N
wheezy,N
having,N
lightheadedness,Y
bleeds,Y
personal,N
clockwise,N
gives,N
lying,N
binges,N
catches,N
depression,N
band,N
followed,N
schistosomiasis,Y
head,Y
anything,N
blackhead,Y
hearing,Y
management,N
surgical,Y
frustration,N
weight,N
stressful,Y
age,N
temporarily,N
mucosa,Y
showing,N
unexplained,N
growth,N
goes,N
momentary,N
grunting,N
non,N
relieving,N
baggy,N
battle,N
supplemental,N
inflamed,Y
trim,N
rd,N
comes,N
falsely,N
likelihood,N
surrounding,N
extended,N
suspected,N
inversion,N
bed,N
chest,Y
intake,Y
sitting,N
members,N
only,N
isolation,N
helminthiases,Y
dangerous,N
blinking,Y
ankle,Y
massive,N
spots,N
blade,N
events,N
occurring,N
organs,Y
behavior,N
scratchy,N
corpses,N
door,N
worried,N
thumbs,Y
friend,N
adequate,N
consequences,N
rubella,Y
institution,N
broad,N
excluding,N
guardian,N
kicks,N
never,N
presidential,N
pre,N
forearm,Y
significant,N
following,N
birth,N
proportions,N
illness,Y
subacromial,Y
goose,N
teacher,N
disposal,N
shuffling,N
respirator,Y
primary,N
water,N
man,N
page,N
previous,N
blocked,N
prostitute,N
smearing,N
poor,N
black,N
before,N
sprees,N
do,N
splinting,N
cigarette,N
fads,N
chlorinated,N
orphaned,N
gwot,N
ascending,N
defecation,Y
state,N
nonliving,N
protracted,N
failures,N
traveling,N
venereal,Y
remedies,N
lapses,N
irritation,Y
lettuce,N
fearful,N
sitter,N
numbering,N
trochanters,Y
staff,N
power,N
pubic,Y
cyanosis,Y
lice,N
cravings,N
comprehensive,N
more,N
constrictive,N
transvestism,N
by,N
suspicion,N
sleepy,N
inconsistent,N
overweight,Y
initial,N
places,N
chemical,N
achievements,N
knitting,N
patch,N
fluid,N
sandpaper,N
left,N
rouse,N
proteomic,N
boot,N
chlamydial,N
unchanged,N
matted,N
round,N
anatomic,Y
paternal,N
nose,Y
ache,Y
laxative,Y
identifying,N
watching,N
rid,N
sensitivity,N
want,N
medication,Y
kubler,N
patches,N
bowel,Y
mucous,Y
psp,N
mimic,N
alternating,N
darkening,N
vomitus,Y
incisional,N
distal,Y
subsiding,N
shins,Y
enjoyment,N
penetration,N
hostility,N
that,N
life,N
stereotypic,N
poison,N
mos,N
turning,N
wetness,N
flights,N
recumbent,N
marmorata,N
bones,Y
consulting,N
most,N
retirement,N
malignant,N
pounding,N
droopy,N
cause,N
terrible,N
yawning,Y
low,N
belching,N
sharp,N
stream,N
maxillary,Y
sacrococcygeal,Y
briefly,N
sound,N
interval,N
toes,Y
periauricular,Y
stapling,N
contamination,Y
behalf,N
fibrosis,Y
jeopardizing,N
progression,N
anti,N
acidic,N
bronchitis,Y
villus,Y
nonfamily,N
both,N
mosquito,N
additions,N
tail,N
rotated,N
arch,Y
impairment,Y
complex,N
anomalies,N
breathy,N
insurance,Y
recently,N
pressure,N
distant,N
hyposexuality,Y
occurrences,N
larger,N
fibrous,Y
lability,N
type,N
theophylline,N
infraorbital,Y
investigation,N
rolling,N
inflicting,N
reaction,N
sneezing,Y
forgetfulness,N
heel,Y
operations,N
cell,N
trouble,N
counseling,N
vulva,Y
sad,N
below,N
children,N
fantasies,N
affecting,N
thinning,N
whimpering,N
alteration,N
use,N
tripping,N
unrelated,N
deviation,N
tenth,N
sunlight,N
soles,N
insidiously,N
rectum,Y
held,N
five,N
toenail,Y
depigmented,N
awareness,N
immunologic,Y
groin,Y
perineum,Y
service,N
erections,N
fingernails,Y
evenings,N
haven,N
recent,N
driven,N
population,N
cousin,N
prepubertal,Y
inside,N
bugs,N
upper,N
mucus,Y
bronchodilators,Y
fuzzy,N
humanitarian,N
shut,N
running,N
skin,Y
clinical,Y
palm,Y
congestion,N
mtp,N
process,N
wattle,N
worse,N
grandmother,N
postprandial,Y
rotating,N
episode,N
spring,N
empty,N
walks,N
he,N
acromioclavicular,Y
risk,N
number,N
restless,N
meal,N
amyl,N
pattern,N
sickle,N
unsuspecting,N
occipital,Y
major,N
period,N
diffuse,N
feel,N
modalities,N
breaks,N
some,N
altered,N
pink,N
squatting,N
successful,N
early,N
flashes,N
scotoma,Y
distasteful,N
situations,N
technology,N
they,N
infraspinatus,Y
coast,N
transient,N
diplopia,Y
retired,N
try,N
procedure,N
beverage,N
an,N
turbulent,N
sustained,N
survey,N
margins,N
position,N
event,N
superficial,N
jerking,N
daily,N
will,N
b,N
amber,N
irregular,N
component,N
sharpened,N
snapping,N
milk,N
recorded,N
sensitization,N
rejected,N
flaky,N
contributing,N
beard,Y
supraclavicular,Y
hands,Y
generalized,N
attributes,N
menstruating,Y
fawn,N
alcoholism,Y
around,N
sampling,N
moving,N
pretend,N
surfaces,N
immobilizing,N
outward,N
weightbearing,N
habits,N
energy,N
elbows,Y
just,N
total,N
posteriorly,N
rape,N
very,N
jaw,Y
daughter,N
newborn,Y
week,N
craving,N
denial,N
suggestion,N
sensations,N
least,N
objects,N
red,N
spells,N
channel,N
obscuring,N
diagnostic,N
syncope,N
lower,N
cracks,N
partially,N
sweating,Y
include,N
radioactive,N
fallopian,Y
improving,N
dishes,N
distracted,N
chinese,N
peculiar,N
anterolateral,Y
wrinkles,N
medicine,N
motor,N
postural,Y
surveillance,N
babysitter,N
earache,Y
smell,N
lymph,Y
trismus,Y
patellofemoral,Y
phalanx,Y
medial,N
decreased,N
backward,N
formula,N
looser,N
upwards,N
list,N
decr,N
conjunctivitis,Y
omissions,N
lunch,N
trepopnea,Y
overall,N
gas,N
compliance,N
bite,N
genitourinary,Y
psychotherapy,Y
requesting,N
jealousy,N
atrophy,Y
thick,N
admission,N
spasm,Y
hematospermia,Y
driving,N
thermal,N
polygonal,N
repsiratory,Y
p,N
erectile,Y
times,N
midline,N
diminished,N
supplementary,N
quantity,N
packing,N
therapy,N
effectively,N
cheek,Y
cream,N
coming,N
stated,N
forgetting,N
undergoing,N
shortness,N
malformation,N
interruption,N
stimulation,N
from,N
triggered,N
thoughts,N
manipulative,N
orthopedic,Y
organ,Y
failure,N
either,N
gain,N
bone,Y
image,N
dribbles,N
point,N
terrors,N
heartbeat,Y
multisystem,N
becoming,N
arteries,Y
cloudy,N
cleaning,N
feminine,N
coma,Y
health,Y
cheeks,Y
baby,N
pigmented,N
exercise,N
for,N
neighbor,N
cupped,N
nd,N
stones,N
medical,Y
strangers,N
dissatisfied,N
hallucinations,Y
pulled,N
administered,N
reserve,N
dnif,N
tooth,Y
eyelashes,Y
occurred,N
biofeedback,N
extremities,N
passing,N
smells,N
horrifying,N
sex,Y
absence,N
schedule,N
distress,N
detached,N
re,N
trypanosomiasis,Y
bilateral,N
aftercare,Y
standing,N
pursuit,N
iron,N
crust,Y
suddenly,N
diagonal,N
deformed,N
centered,N
enlarging,N
bandage,N
intervals,N
wheezing,Y
put,N
cuts,N
osteoporosis,Y
transportation,N
pouring,N
share,N
waist,N
automatic,N
bumpy,N
fine,N
line,N
relationship,N
theatre,N
interruptions,N
dizziness,Y
nightmares,N
football,N
t,N
questionnaire,N
flutters,N
gestational,N
questioned,N
breakdown,N
dark,N
immigration,N
throbbing,N
disproportionate,N
harsh,Y
disruptions,N
stoppage,N
repeat,N
prayer,N
seen,N
sixth,N
harassing,N
figure,N
verbal,N
difficult,N
improves,N
tunnel,N
tunnels,N
retrosternal,N
pillows,N
smaller,N
causing,N
fixed,N
passion,N
further,N
socialization,N
when,N
empathize,N
floor,N
uncoordinated,N
clear,N
highly,N
caretaker,Y
nothing,N
sudden,N
trunk,N
pads,N
crease,N
partner,N
labor,N
substernal,Y
so,N
swollen,Y
absolutely,N
signature,N
bend,N
racing,N
digestion,Y
intestinal,Y
arches,Y
numbness,Y
complaint,N
laterally,N
clinic,Y
palmar,Y
inexplicable,N
sun,N
site,N
entry,N
hypercritical,N
forehead,Y
squeezing,Y
necessary,N
where,N
heavily,N
wet,N
cocaine,N
bright,N
mycotic,N
aching,Y
factor,N
clears,N
modification,N
muscle,Y
locations,N
traffic,N
bjerrum,N
nasal,Y
auditory,Y
parent,N
localize,N
alien,N
jaundice,N
all,N
sedated,N
uneven,N
careless,N
aggression,N
beginning,N
approved,N
school,N
lymphatic,Y
throwing,N
limiting,N
ergonomics,N
seemed,N
beliefs,N
now,N
lap,N
suspiciousness,N
carbonated,N
sores,Y
formed,N
sterilization,Y
postsurgical,Y
has,N
immediately,N
disorders,N
phase,N
wear,N
reasons,N
drainage,N
referred,N
cough,Y
scintillating,N
approach,N
disrupting,N
actions,N
roll,N
unrelenting,N
sadistic,N
obstetrical,Y
watering,N
strain,Y
annular,N
protozoal,N
member,N
unresponsive,N
odor,N
micturition,Y
fingertip,Y
sx,N
enjoy,N
bitter,N
answer,N
jitters,N
lumbar,Y
achieve,N
restriction,N
crusted,Y
air,N
persistent,N
nato,N
pastoral,N
abdomen,Y
illusion,N
hump,Y
aid,N
seems,N
injurious,N
hemithoracic,Y
longitudinal,N
interrupted,N
meconium,Y
uncertainty,N
required,N
abnormal,N
group,N
beverages,N
folds,N
staying,N
saddle,N
lightening,N
demoralized,N
ceasing,N
ingested,N
ages,N
is,N
nonprocreative,N
accompanied,N
regional,N
sunken,N
listening,N
pulley,N
pinch,N
lip,Y
inappropriate,N
dreams,N
diuretic,Y
sickness,Y
changeable,N
disaster,N
involving,N
undue,N
eyebrows,Y
foreskin,Y
mobile,N
spontaneously,N
confirm,N
active,N
perception,N
moved,N
otolaryngeal,Y
polydipsia,Y
birthmark,N
abdominal,Y
burning,N
services,N
clenches,N
marital,N
jumpy,N
nodes,N
during,N
eater,N
small,N
egg,N
wanes,N
conscience,N
hang,N
anteriorly,N
adolescent,N
job,N
rather,N
relaxation,N
spiritual,N
emotional,N
shoe,N
esteem,N
rhythmic,N
persistently,N
warm,N
malar,N
extensor,N
special,N
end,N
scrotum,Y
sclera,Y
borders,N
waxy,N
drips,N
motion,N
bloating,Y
wrong,N
test,N
sometimes,N
purpose,N
rib,Y
odors,N
effectiveness,N
cracked,N
civilian,N
hour,N
actively,N
severe,N
under,N
impregnation,N
urge,N
disturbances,N
frontal,N
smelling,N
dairy,N
relieved,N
delusion,N
knocking,N
fitness,N
lacy,N
society,N
summer,N
laundry,N
especially,N
hypnosis,N
weeping,N
sided,N
cataract,Y
nocturnal,N
sore,Y
headaches,Y
hips,Y
menopause,Y
genomic,N
overdevaluates,N
menstruation,Y
grouped,N
colon,Y
quarter,N
data,N
unremitting,N
forward,N
calf,Y
wake,N
lenses,N
occur,N
acceptance,N
nitroglycerin,N
crescendo,N
far,N
storms,N
stealing,N
incompatibility,N
picky,N
bridges,N
candidate,N
consult,N
turns,N
assisted,N
intragluteal,Y
grating,N
arthritis,Y
droops,N
peacekeeping,N
fluids,N
posteromedial,N
color,N
thickening,N
bound,N
turn,N
disorder,N
adult,N
up,N
urological,Y
reviewed,N
complete,N
knuckle,Y
foul,N
sparing,N
fingernail,Y
quadrant,N
right,N
physiologic,Y
brooding,N
jawline,Y
pediatric,Y
masturbation,Y
tick,N
malodorous,N
went,N
relief,N
place,N
squinting,N
specific,N
gaze,N
accompanying,N
itch,Y
alphafetoprotein,N
inhaling,Y
ninth,N
while,N
it,N
treatment,N
strangulation,N
scale,N
streaking,N
shin,Y
fatty,Y
bottom,Y
subpopulation,N
continues,N
twisting,N
language,N
crawling,N
laughing,N
emanating,N
aids,Y
marks,N
refusal,N
combined,N
insulin,Y
vagina,Y
warmth,N
communicable,N
moves,N
loosening,N
months,N
my,N
locked,N
abandoned,N
menstrual,Y
fold,N
leprosy,Y
playing,N
cry,N
delayed,N
protrusion,N
tube,N
obscene,N
name,N
waddling,N
lateral,N
assault,N
coughing,Y
powerful,N
particles,N
stays,N
genital,Y
buttock,Y
digestive,Y
stage,N
request,N
department,N
enemas,N
score,N
amphetamines,N
periods,N
hygiene,Y
speech,N
procedural,N
precipitating,N
floating,N
aversion,N
pump,N
teeth,Y
garbles,N
top,N
ingestion,Y
visits,N
rapid,N
regurgitated,N
forced,N
telepathic,N
legs,Y
blurry,N
fun,N
periodically,N
fear,N
narrowly,N
caregivers,Y
tingling,N
adoption,N
findings,N
acute,N
diapers,Y
detected,N
soreness,Y
daydreaming,N
worms,N
elbow,Y
environmental,N
pathological,Y
descending,N
higher,N
dressing,N
anchovy,N
near,N
inefficiency,N
crossed,N
carbonaceous,N
illegal,N
clothes,N
upstairs,N
epicondyle,Y
overly,N
tasks,N
obtain,N
axilla,Y
recurs,N
minutes,N
bargaining,N
antibiotics,Y
prickling,N
paresis,Y
disturbs,N
vessels,Y
mood,N
nailfold,Y
interfering,N
varies,N
bony,Y
forearms,Y
specified,N
interphalangeal,Y
patient,Y
retro,N
but,N
extravasation,N
touch,N
basic,N
ankles,Y
liquid,N
socializes,N
pdhra,N
child,N
assessments,N
intellectual,N
jelly,N
expected,N
day,N
coitus,Y
responding,N
yellow,N
another,N
violent,N
overeating,N
macropsia,Y
unsteady,N
fit,N
pivoting,N
tenseness,N
looking,N
mucinous,N
worker,N
triggering,N
flight,N
because,N
unconscious,N
strange,N
convinced,N
figures,N
external,N
formulated,N
feeling,N
sacrum,Y
others,N
its,N
subdermal,Y
enlarged,N
supraspinatus,Y
rigors,N
infant,N
wide,N
mother,N
punning,N
call,N
finding,N
developmentally,N
whooping,N
region,N
assessment,N
obsessive,N
midback,Y
contact,N
gynecologic,Y
ones,N
frozen,N
contractions,N
pay,N
bypass,N
tissues,N
bag,N
postauricular,Y
each,N
colicky,Y
lot,N
paralysis,Y
nanny,N
chagas,N
tone,N
unwillingness,N
combat,N
heat,N
rusty,N
armpits,Y
ring,N
coin,N
compulsive,N
problem,N
being,N
experienced,N
fahrenheit,N
toe,Y
anosmia,Y
street,N
maturity,N
pimple,Y
smile,N
armpit,Y
stained,N
significance,N
pus,Y
spaces,N
expressing,N
confusion,Y
translucency,N
blockage,N
ejaculation,Y
physical,Y
progressively,N
scheduling,N
brief,N
neck,Y
homosexual,N
encounters,N
analgesics,Y
were,N
massaging,N
which,N
mission,N
maple,N
popping,N
oppositional,N
exploitation,N
requires,N
labial,Y
crushing,N
goals,N
inconsolable,N
pills,Y
contraceptives,Y
ulnocarpal,Y
appliance,N
old,N
saliva,Y
meb,N
fat,Y
sleepwalking,N
margin,N
wall,N
superior,N
compelling,N
recovery,N
testing,N
terrain,N
choking,N
domineering,N
oropharyngeal,Y
disease,Y
material,N
starch,N
sneeze,Y
discrimination,N
systems,N
felt,N
losing,N
reality,N
stairs,N
walls,N
paral,N
walk,N
reaching,N
macular,N
commanded,N
citrus,N
little,N
greenish,N
retardation,N
inner,N
cervical,Y
referral,N
edge,N
indomethacin,N
found,N
wanders,N
surgery,Y
starchy,N
self,N
solitary,N
temperatures,N
overlying,N
plaque,N
tympanic,Y
substantially,N
insensitive,N
due,N
at,N
injectable,N
unequally,N
hemiplegia,Y
plug,N
binge,N
watery,N
entire,N
emt,N
bumping,Y
elevating,N
obtainable,N
ethmoid,N
buying,N
streptococcus,Y
pop,N
fists,N
stools,N
feelings,N
understanding,N
wrists,Y
manual,N
vaginal,Y
looked,N
appears,N
symptoms,Y
massage,N
emotions,N
buccal,N
bloody,Y
intense,N
flesh,N
inflammatory,Y
fields,N
rod,N
painless,Y
unlimited,N
weeks,N
visible,N
vas,N
uninterested,N
localized,N
implantable,N
edema,Y
way,N
fever,Y
gland,Y
testicular,Y
time,N
invasive,N
grief,N
flexion,N
vision,N
stingy,N
swimming,N
transfusion,Y
easy,N
rate,N
ear,Y
tissue,N
happy,N
influenced,N
outer,N
part,N
slowness,N
closing,N
intolerance,Y
delusions,N
fad,N
marriage,N
reason,N
cats,N
legible,N
antacids,N
uncertain,N
hemoglobinopathies,Y
balance,N
appeared,N
leisure,N
decisions,N
harm,Y
lesion,Y
dead,N
cleft,N
reconciliation,N
lucid,N
heart,Y
music,N
sole,N
headache,Y
postpartum,Y
gravy,N
helpless,N
missing,N
claudication,N
sacroiliac,N
night,N
alternative,N
overlaps,N
obese,Y
genetic,Y
lethargy,N
ruled,N
residential,N
insidious,N
positive,N
constantly,N
ending,N
fasting,N
drowsiness,Y
bottoms,N
finds,N
steroids,N
repetitive,N
veins,Y
visual,N
excruciating,N
bulge,N
invasion,N
papular,Y
pounds,N
contaminated,Y
appetite,N
procreative,N
nits,N
regular,N
offense,N
twice,N
thigh,N
irresponsible,N
desired,N
commissioning,N
control,N
did,N
show,N
evade,N
stomach,Y
war,N
gs,N
stooping,N
signs,N
extra,N
pebble,N
thinks,N
spicy,N
determined,N
visit,N
gritty,N
inflated,N
cervix,Y
vasectomy,Y
tapping,N
orbital,N
spirit,N
raped,N
nail,Y
refusing,N
orange,N
information,N
increasing,N
unlocked,N
rolls,N
guilt,N
interior,N
inadequacy,N
vertigo,Y
hyperalert,N
sleeping,N
attention,N
ritual,N
hypnotic,N
deployment,N
fracture,Y
since,N
sought,N
same,N
cycles,N
seventh,N
click,N
hypotensive,N
mixed,N
news,N
a,N
plague,Y
bra,N
facial,Y
episodes,N
slip,N
ritualistic,N
alternately,N
continuous,N
joking,N
deviousness,N
scalp,Y
stillbirth,N
handwriting,N
any,N
photophobia,Y
extent,N
nebulizer,Y
smoking,N
starts,N
checking,N
involve,N
stepping,N
rheumatoid,Y
distance,N
rear,N
soiling,N
blob,N
still,N
darkness,N
accident,N
pushing,N
peek,N
pharyngeal,N
gradual,N
trimester,N
migratory,N
urinary,Y
intermittently,N
contradicted,N
vermilion,N
substance,N
made,N
tailbone,Y
mucopurulent,Y
abrupt,N
respiratory,Y
firmer,N
costal,Y
her,N
excess,N
reliability,N
preceding,N
ipss,N
daycare,Y
corticosteroids,Y
cutis,Y
taking,N
febrile,Y
dermatologic,Y
pharyngoesophageal,Y
his,N
secretive,Y
dengue,N
r,N
dropping,N
sports,N
upward,N
mental,Y
pelvic,Y
gynecological,Y
appearance,N
dentist,Y
combative,N
controlled,N
chills,Y
rules,N
shy,N
two,N
fitting,N
herself,N
requested,N
spreading,N
accession,N
gastric,Y
young,N
full,N
aircraft,N
physician,Y
like,N
dimpling,N
off,N
forbidden,N
than,N
flushing,N
loved,N
zygomatic,Y
posture,Y
ultrasound,N
multigravida,Y
obvious,N
area,N
paresthesia,Y
bilaterally,N
extremity,N
slights,N
glaucomatous,Y
fifth,N
glasses,N
marked,N
paying,N
fluctuates,N
adverse,N
restarts,N
types,N
shooting,N
brain,Y
anal,Y
unnecessary,N
content,N
himself,N
nicotine,N
intestine,Y
consistent,N
rubbing,N
junction,N
timing,N
homicidal,N
performed,N
bump,Y
hydrops,N
central,N
flat,N
based,N
rash,Y
apple,N
brucellosis,Y
incident,N
flexes,N
laterality,N
fidgety,N
oozing,N
unreal,N
knowledge,N
taste,N
field,N
palliative,Y
medications,Y
hair,Y
npo,N
cautery,N
st,N
corps,N
rocking,N
morning,N
migrated,N
unhappy,N
minimal,N
male,N
elongated,N
occuring,N
background,N
nap,N
acts,N
plaques,N
kneecap,N
voice,N
parents,N
translator,N
feces,Y
wandering,N
rest,N
vomiting,Y
desire,N
metallic,N
automatism,N
tarry,N
behind,N
traumatic,N
shaving,N
swinging,N
spider,N
index,N
letters,N
grinds,N
psychological,Y
starting,N
side,N
prenatal,N
genitals,Y
overidealizes,N
progressed,N
fruits,N
dialysis,Y
lesions,N
yelling,N
mild,N
lifting,N
grinding,N
demonstrated,N
locally,N
well,N
palpation,N
monitoring,N
deltoid,Y
fatigue,Y
emphysema,Y
hard,N
quadriceps,Y
disorientation,Y
advice,N
passage,N
